method,configuration,seed,evaluations,best_value,best_vector
genetic_algorithm,population_30,20260101,6000,0.00347236080927,-3.04142836;-0.10024203;-0.09640095;-0.09604291;3.24151330;-0.09110478;-0.00047196;-0.09439195;-0.00389040;0.00117252
genetic_algorithm,population_30,20260102,6000,0.00978453415388,-0.01429956;-0.09562669;3.24009627;-3.04135562;-0.10468937;-0.10154856;3.24166905;3.24197077;-0.08941692;-0.10005390
genetic_algorithm,population_30,20260103,6000,0.00265470457802,-0.09984721;0.00170906;-0.09784585;-0.09429346;-0.09524458;-3.04144477;-3.04150872;-0.09691367;0.00316032;-0.00260281
genetic_algorithm,population_30,20260104,6000,0.0225609595312,3.24218297;-0.08962215;6.18184835;3.24128260;3.23991490;-0.09117737;3.24118510;-0.09137732;-3.04082493;3.24167079
genetic_algorithm,population_30,20260105,6000,0.00635487740762,-0.09790134;-0.09914179;-0.09083686;-3.04138592;-0.01088047;3.24193120;3.24146413;-0.10290005;-0.09912675;3.24107425
genetic_algorithm,population_30,20260106,6000,0.00514492408004,-0.09775642;-0.00361574;-3.04121978;-0.10333476;-0.10545958;3.24161945;-0.00239877;-0.09869551;3.24147385;3.24135575
genetic_algorithm,population_30,20260107,6000,0.00441775961487,-0.00197232;3.24185033;-0.09962074;-0.00743052;-0.10094742;-0.00224320;-0.09186290;-0.07781363;-0.09917502;-0.09702068
genetic_algorithm,population_30,20260108,6000,0.00753141690559,-0.10151955;-0.07477561;-3.04219476;-3.04082197;-0.00125568;-0.09921294;-0.10210745;-0.00658119;-0.00328501;-0.10015656
genetic_algorithm,population_30,20260109,6000,0.0231390290979,3.24174080;-0.09514333;3.24176705;-0.10445832;-0.03620092;6.18032148;-3.04158646;-0.02217493;-0.01037034;-0.10116869
genetic_algorithm,population_30,20260110,6000,0.0194592853487,-3.04154745;-0.01076015;-0.10178086;3.24177332;-0.09430488;0.01338693;-3.04122952;-6.38311922;-0.08902859;6.18509636
genetic_algorithm,population_30,20260111,6000,0.0340480804042,3.24183715;3.24283019;-0.01678492;-6.37940260;0.00194298;-0.00286092;-0.00183401;-3.04149643;0.00228926;3.24090223
genetic_algorithm,population_30,20260112,6000,0.00505849205153,-0.09948378;-3.04134258;-0.09082988;-0.08442256;-0.09683174;-0.00159205;-0.10053434;-0.01288305;-0.10064615;-3.04171857
genetic_algorithm,population_30,20260113,6000,0.00287823758341,-0.00196600;3.24177584;-0.00099899;0.00012117;-0.10346827;-0.00385676;-0.09366493;3.24161491;-0.10547458;-3.04136514
genetic_algorithm,population_30,20260114,6000,0.00524057382955,-0.02642426;-0.10041505;-0.00493937;-0.00289194;0.00410958;-0.00335916;-0.08259195;-0.00074992;3.24180075;-3.04138638
genetic_algorithm,population_30,20260115,6000,0.00532108181617,-0.09938873;-0.00822340;-0.00433628;-0.09784200;-3.04129108;-6.38352144;-0.00107202;3.24202219;-0.09120233;-0.09367743
genetic_algorithm,population_30,20260116,6000,0.0297985621088,6.18050684;-0.05118530;-0.10457329;-0.10746654;0.00275596;3.24070431;3.24209933;3.24097387;-3.04061978;-0.09055551
genetic_algorithm,population_30,20260117,6000,0.00569152022012,0.00050952;0.00423893;-0.09279966;0.00085720;-0.10372673;-0.02209505;0.00077377;-0.00306436;-0.09630323;-3.04089725
genetic_algorithm,population_30,20260118,6000,0.00642311509318,0.01816832;-0.02538480;-0.00011051;-0.10063945;0.00241436;3.24167175;3.24155570;0.00823636;0.00204404;0.00032243
genetic_algorithm,population_30,20260119,6000,0.00338426323625,-0.09988577;-0.09705113;-0.10854676;3.24207154;-0.09773685;-0.10072308;-0.09904539;-0.09762629;-0.00523500;-0.10016394
genetic_algorithm,population_30,20260120,6000,0.00273854065137,3.24175415;-0.09982890;3.24169258;-0.09619383;-0.09470018;-0.00642673;-0.09434537;-0.09908578;-0.00164413;-0.00158539
genetic_algorithm,population_60,20260101,6000,0.0116032195115,-3.04121499;-0.07177488;-0.00377360;3.24186922;-0.01633711;-3.04103068;-0.01405241;-0.07810058;-0.10307884;3.24251580
genetic_algorithm,population_60,20260102,6000,0.0086342166919,-0.00031025;-0.00770813;-3.03976614;-0.00408474;-0.09443323;-0.10329428;-0.01085900;-0.10172262;-0.09524363;-0.09986350
genetic_algorithm,population_60,20260103,6000,0.0107832610688,-0.08887339;0.00866466;-0.02356955;-0.02798913;-0.10554984;0.00095260;-0.08143879;3.24170259;-0.02486912;-3.04168667
genetic_algorithm,population_60,20260104,6000,0.0242542026138,-0.01334237;-0.07932749;-0.09432040;-0.08941815;-0.03211517;-0.02857539;-3.03770386;-0.05710098;-3.04144003;-0.02725100
genetic_algorithm,population_60,20260105,6000,0.0538813466963,-3.04246890;-3.03928501;-0.10798298;-3.04219506;0.00887826;6.18250101;3.24928155;-3.03843331;-0.12295408;3.24151236
genetic_algorithm,population_60,20260106,6000,0.00960541386665,-3.03981443;-0.09962717;-0.00940207;3.24200471;-3.04123500;-0.09152688;-0.08326687;-0.00039451;-0.10142365;-0.00110307
genetic_algorithm,population_60,20260107,6000,0.0117154261618,0.00193320;-0.10268448;-0.02667530;-0.09218811;-0.08703275;0.00243793;3.24140092;-0.07339376;3.24066031;-0.10516625
genetic_algorithm,population_60,20260108,6000,0.00682247495284,-0.10776077;-0.09149649;-3.04175668;-0.00187316;-0.00710939;-0.00093216;-0.05639464;0.00085510;0.00483161;-0.09784981
genetic_algorithm,population_60,20260109,6000,0.0125823677527,-0.10331576;-0.02471167;-0.04304854;-0.10259084;-3.04197741;3.24136881;-3.04119603;-0.06911646;-0.07498277;-0.00052630
genetic_algorithm,population_60,20260110,6000,0.0104464149459,3.24074458;-0.10322339;-0.08847173;-0.09697050;-0.09081360;-0.09733358;-0.01147100;-0.00008885;-0.01925124;-0.02392825
genetic_algorithm,population_60,20260111,6000,0.0170258882443,-0.01810376;-0.00634775;-0.00526951;0.00223691;-0.09401139;0.00242828;3.24133864;-0.03219024;-0.09205782;-3.03841110
genetic_algorithm,population_60,20260112,6000,0.00601937799724,-0.09807669;-0.10017994;3.24217262;-0.04851966;0.00890848;0.00137534;-0.00023866;-0.10305927;-0.09474706;-0.09972937
genetic_algorithm,population_60,20260113,6000,0.0118612243198,-0.03774852;3.24222827;-0.09323543;-0.09511378;-0.08261337;-3.04123213;-0.09552938;-0.10342662;-3.04014676;-0.09804321
genetic_algorithm,population_60,20260114,6000,0.00630037393436,-0.10155014;-0.06811542;-0.00332160;-0.00383507;-0.00554361;-0.09051583;-0.09662613;-0.00902044;-0.10579863;0.00146094
genetic_algorithm,population_60,20260115,6000,0.00719688327984,-0.01430876;-0.09919217;-0.10063406;0.00450136;-0.09142033;-0.09385386;-0.09351878;-0.03509228;-0.09933553;-0.01117351
genetic_algorithm,population_60,20260116,6000,0.0105342446246,3.24192460;-0.01152565;-0.00304556;-0.06186466;-0.03618004;0.00223842;-0.09560013;0.02002157;-3.04117203;-0.09827566
genetic_algorithm,population_60,20260117,6000,0.0146691695977,3.24237936;-0.10444020;-0.03768139;-0.01214348;-0.00368598;-0.05664140;-3.04078273;-0.03448986;-3.04176414;0.00718441
genetic_algorithm,population_60,20260118,6000,0.0082203020239,-0.09493008;-0.09467010;-3.04103153;-0.04751879;-0.10108416;-0.09702916;-0.09354690;-0.09874586;-0.02067021;0.00683735
genetic_algorithm,population_60,20260119,6000,0.00861603711131,-0.00009187;-0.10230638;-3.04100770;-0.07169685;-3.04126017;-0.01070092;-0.09435329;-0.08347815;-0.08669845;0.00514682
genetic_algorithm,population_60,20260120,6000,0.0104743240748,0.00275130;0.00050829;-0.00009661;-0.09958764;-0.00406774;-0.06574807;-0.10054871;0.00063857;-0.04740779;-3.03982768
random_search,same_budget,20260101,6000,7.24852167588,6.19158992;5.85375285;2.83803545;-0.49711284;-0.02281423;-6.18220144;-0.99925186;2.79366306;0.10459162;3.47431672
random_search,same_budget,20260102,6000,8.18522931914,3.43249630;-1.40347765;2.74643344;-0.47681538;-6.04105304;-2.91537108;0.42164626;2.04278231;-0.02006305;-0.43857911
random_search,same_budget,20260103,6000,8.87417811706,-1.76623820;0.06753403;6.76190520;0.21752772;6.30673279;0.38953550;0.15746773;2.31106377;3.38798002;-0.18600124
random_search,same_budget,20260104,6000,7.78253900045,-0.05472859;2.80304843;3.29291219;3.65979834;-3.39731481;-6.46283967;-2.83554642;-3.08700318;1.25063105;-2.51443986
random_search,same_budget,20260105,6000,7.99552820506,-1.22368345;-0.51672275;4.04720448;2.92752646;-2.94295747;0.05047055;-1.38481889;-0.40324009;0.60559799;1.05926143
random_search,same_budget,20260106,6000,8.73288227608,1.50888409;-6.29775630;0.00720907;-6.25486720;3.85715263;6.09612396;-3.11031721;3.20121103;6.15177556;-5.95177655
random_search,same_budget,20260107,6000,9.19191872264,9.58976605;-2.83654658;2.29311540;-1.29254205;-1.88912361;-1.55827842;9.52764061;6.00887179;-6.41454823;0.82283350
random_search,same_budget,20260108,6000,7.89754630576,3.33396256;-3.19388220;1.14722848;-1.24817845;-3.11187710;0.01821722;3.17738581;-0.36372591;-6.52027950;-8.91074313
random_search,same_budget,20260109,6000,6.70228457211,5.39744592;0.47232611;6.26856532;0.31136436;-6.44327960;-0.28692351;6.05989057;3.10298633;-0.14124269;-2.85114159
random_search,same_budget,20260110,6000,5.59151601825,-0.00794197;-0.45165807;6.06686359;-6.28708388;9.73758980;0.60122694;3.07768182;9.46187032;-2.81811264;-0.05611391
random_search,same_budget,20260111,6000,5.07530856388,-9.39380266;-2.51948837;0.47846906;-0.19930647;-6.58575896;3.23787594;-2.65926847;-0.55565796;-0.56296710;3.28995140
random_search,same_budget,20260112,6000,7.55891705684,6.23454938;-0.17184946;0.92423617;-0.22653568;-0.10275504;6.10363211;-4.36654447;-1.30125167;-0.21668162;0.39836133
random_search,same_budget,20260113,6000,6.40462566372,0.48230289;-2.80903504;6.16843891;0.40352501;1.55279108;0.73745580;-0.86188870;2.68534514;0.72081214;-0.68360242
random_search,same_budget,20260114,6000,6.95839359792,-1.06979291;-0.60862231;9.43793955;3.18147039;3.53733912;9.52444054;-6.25687776;-3.35335290;6.12776195;2.56943193
random_search,same_budget,20260115,6000,7.79778324089,2.34123659;9.51122287;-0.04357732;2.36256606;6.35692374;3.44457713;-6.45050869;5.92262191;0.17385491;0.26147381
random_search,same_budget,20260116,6000,6.57750892352,2.76197924;3.36105968;1.34691567;-0.64217343;0.36788913;0.61172377;-9.33435100;9.67942420;-1.03598280;-0.49255713
random_search,same_budget,20260117,6000,7.79652896529,-0.84600125;-2.23507615;-3.32660464;-0.50519644;2.71723165;-6.29247673;6.43299603;-0.71657193;3.06878869;0.23649586
random_search,same_budget,20260118,6000,6.96612390091,-0.90110951;-0.93338727;-6.33683740;-0.53357083;-0.22372453;0.24408041;-3.16835759;-2.13432791;-1.62447145;-2.00952169
random_search,same_budget,20260119,6000,9.36031485412,6.06334521;-2.56064956;0.15493712;-6.56519196;3.80028038;3.02524548;-1.41440371;-0.75348765;-1.41160230;-0.99654630
random_search,same_budget,20260120,6000,6.06633757951,0.28480880;-0.40219272;2.36947438;3.24800552;0.15012195;3.14355024;-0.43977019;-2.27645286;-1.43175862;6.28839236
