step,population_30,population_60,random_search
0,16.341676106,13.1980207204,29.531515836
1,11.9161140118,9.66963044035,27.5488904552
2,9.24996287833,7.38050848124,24.6757758023
3,7.2172477634,5.88668640607,23.0948945529
4,6.07465333986,4.86722351359,21.89614402
5,5.65055994938,4.21801451391,21.8870263493
6,5.26371412561,3.63858237164,20.7582033596
7,4.81029655491,3.28882229819,20.266769564
8,4.48744822283,2.99332762945,19.3102327522
9,4.05737077124,2.67250686369,19.2377675
10,3.79024243851,2.48483447371,19.0081518659
11,3.46387582331,2.17342655041,19.0081518659
12,3.07630348685,1.91711036439,19.0081518659
13,2.85006245524,1.65623180271,18.2058436332
14,2.50971920646,1.43333493984,18.0945018956
15,2.1521669108,1.23402955856,18.0832287398
16,1.91795011769,1.06745294944,18.0832287398
17,1.6857467438,0.954576939911,17.9746517589
18,1.53276006666,0.783830637423,17.7700488179
19,1.30052057678,0.64950916422,17.0488943835
20,1.22710221262,0.556057746739,16.9816624892
21,1.08816746055,0.482928261065,16.9519012638
22,0.956983059984,0.423429429545,16.7966830757
23,0.851113300015,0.365668325031,16.7734728726
24,0.748441590883,0.33698283292,16.4534346759
25,0.638408429199,0.25746654585,16.4534346759
26,0.598451672151,0.224499982468,16.4534346759
27,0.557882337339,0.20679423245,16.4534346759
28,0.508228245572,0.186287195764,16.4534346759
29,0.419572501105,0.168846680844,16.341676106
30,0.374195175693,0.149945229783,15.7780929753
31,0.349730657775,0.135514440592,15.7780929753
32,0.315531721575,0.123516701292,15.7405616543
33,0.297444670894,0.117300144871,15.7405616543
34,0.282674250005,0.109397424569,15.2482075372
35,0.266584583503,0.10443382711,15.1991880591
36,0.248875883234,0.0952437169735,15.1975772023
37,0.235110005477,0.0822480458625,15.1975772023
38,0.217597219927,0.0774552120072,15.1583553918
39,0.200335076831,0.0690466289033,15.1029510182
40,0.18489708948,0.06824123932,14.9288623456
41,0.175441538869,0.0642616314054,14.5743159048
42,0.172101105206,0.061415390264,14.5743159048
43,0.161465458508,0.0579036990047,14.5743159048
44,0.154491516513,0.0561044536832,14.5326883053
45,0.142987662889,0.0526198067993,14.5326883053
46,0.134440219159,0.0499976322606,14.5326883053
47,0.120433626298,0.0476541800498,14.4257026293
48,0.115095378618,0.0471760353478,14.1929588815
49,0.111364943755,0.0457675177239,14.1929588815
50,0.103928109256,0.0444093625418,13.3545272598
51,0.0951306070907,0.0401727553467,13.3545272598
52,0.0932267518249,0.0379356006489,13.3545272598
53,0.0895885730695,0.0370413430671,13.3545272598
54,0.0847101649127,0.0330512924521,13.1980207204
55,0.0830777016713,0.0304016125093,13.1980207204
56,0.0800913056712,0.0290869429357,13.1980207204
57,0.0732882439414,0.0280977107659,13.1980207204
58,0.072111901791,0.0268775210552,13.1980207204
59,0.0673731979307,0.0262189757337,13.1980207204
60,0.0658343895892,0.0258869292796,13.1980207204
61,0.0622604623764,0.0252101927871,13.1980207204
62,0.0601536113417,0.0250959333371,13.1980207204
63,0.0595772219955,0.0239570610015,13.1980207204
64,0.0586781410574,0.0234432810135,13.1980207204
65,0.0580428502575,0.0213789618764,13.052396251
66,0.0531559747371,0.0213212732891,13.052396251
67,0.0524461692948,0.020987097076,13.052396251
68,0.0519708219349,0.0205773860901,13.052396251
69,0.0512195062017,0.0202864258401,13.0105503353
70,0.0492485833377,0.0201311463651,13.0105503353
71,0.0490019281766,0.0199746535131,13.0105503353
72,0.04893401762,0.0196459246221,13.0105503353
73,0.0473183111059,0.0195936255025,12.9735854925
74,0.0468976960871,0.0194319811859,12.9735854925
75,0.0425324000383,0.0182585812723,12.9735854925
76,0.0412452153831,0.0179158271162,12.9735854925
77,0.0392805461245,0.0178278003781,12.9735854925
78,0.0391729359813,0.0173102068222,12.7719485593
79,0.0384644035391,0.0171805228656,12.7719485593
80,0.0381629015089,0.0170167275351,12.7719485593
81,0.0378909884561,0.0162110609812,12.6362602064
82,0.0377372145275,0.0157965082208,12.6362602064
83,0.0366461234414,0.0156591181816,12.6362602064
84,0.036597231755,0.0154925929954,12.6362602064
85,0.035144469626,0.0154003046427,12.6362602064
86,0.0342381970315,0.0152270796895,12.6362602064
87,0.0341036209552,0.0147757512071,12.6362602064
88,0.0337074765081,0.0145808783448,12.6362602064
89,0.0333746690763,0.0144275613363,12.6362602064
90,0.0333366130439,0.0143389525946,12.6362602064
91,0.0331965820586,0.0142154423162,12.6362602064
92,0.0323231877836,0.0139809907953,12.6362602064
93,0.0318140799819,0.0139028692767,12.6362602064
94,0.03089044339,0.0138442733532,12.5249344557
95,0.0295402216561,0.0137384466303,12.5249344557
96,0.0293694561365,0.0134098504456,12.5249344557
97,0.0289925778653,0.0133709815565,12.5249344557
98,0.0286933716472,0.0131432432147,12.5249344557
99,0.0285207110022,0.0130623084735,12.5249344557
